1	07:17:49	list-essays	200	0.921115	0.941986	18386	0	https://yangzhiping.com/essays/	rc=0	https://yangzhiping.com/essays/
2	07:17:50	list-tags	200	0.761369	0.786828	11171	0	https://yangzhiping.com/essays/tags/	rc=0	https://yangzhiping.com/essays/tags/
3	07:17:50	list-tag-letters	200	0.779636	0.781256	5986	0	https://yangzhiping.com/essays/tag/letters/	rc=0	https://yangzhiping.com/essays/tag/letters/
4	07:17:52	detail-20260214	200	1.024954	1.232323	28809	0	https://yangzhiping.com/essays/20260214/	rc=0	https://yangzhiping.com/essays/20260214/
5	07:17:53	detail-20260602	200	0.776303	0.953922	23772	0	https://yangzhiping.com/essays/20260602/	rc=0	https://yangzhiping.com/essays/20260602/
6	07:17:54	list-books	200	0.695296	0.697014	8054	0	https://yangzhiping.com/books/	rc=0	https://yangzhiping.com/books/
7	07:18:06	detail-book-9787111509271	200	1.527339	1.528219	7896	0	https://yangzhiping.com/books/9787111509271/	rc=0	https://yangzhiping.com/books/9787111509271/
8	07:18:14	t2-list-essays	200	1.703617	2.128323	18384	0	https://yangzhiping.com/essays/	rc=0	https://yangzhiping.com/essays/
9	07:18:16	t2-list-tags	200	2.151680	2.171251	11169	0	https://yangzhiping.com/essays/tags/	rc=0	https://yangzhiping.com/essays/tags/
10	07:18:17	t2-list-tag-letters	200	0.726597	0.727437	5983	0	https://yangzhiping.com/essays/tag/letters/	rc=0	https://yangzhiping.com/essays/tag/letters/
11	07:18:18	t2-detail-20260214	200	0.768948	0.941652	28813	0	https://yangzhiping.com/essays/20260214/	rc=0	https://yangzhiping.com/essays/20260214/
12	07:18:19	t2-detail-20260602	200	0.751720	0.921713	23769	0	https://yangzhiping.com/essays/20260602/	rc=0	https://yangzhiping.com/essays/20260602/
13	07:18:19	t2-list-books	200	0.696927	0.697947	8053	0	https://yangzhiping.com/books/	rc=0	https://yangzhiping.com/books/
14	07:18:20	t2-detail-book-9787111509271	200	0.721348	0.728270	7896	0	https://yangzhiping.com/books/9787111509271/	rc=0	https://yangzhiping.com/books/9787111509271/
15	07:19:19	chunk-01-45535c4da7d835d0	200	0.693184	1.051239	25555	0	https://yangzhiping.com/_next/static/chunks/45535c4da7d835d0.js	rc=0	https://yangzhiping.com/_next/static/chunks/45535c4da7d835d0.js
16	07:19:21	chunk-02-5944084dd90310d5	200	0.690218	1.012034	22597	0	https://yangzhiping.com/_next/static/chunks/5944084dd90310d5.js	rc=0	https://yangzhiping.com/_next/static/chunks/5944084dd90310d5.js
17	07:19:22	chunk-03-023d923a37d494fc	200	0.719096	1.085068	67398	0	https://yangzhiping.com/_next/static/chunks/023d923a37d494fc.js	rc=0	https://yangzhiping.com/_next/static/chunks/023d923a37d494fc.js
18	07:19:23	chunk-04-turbopack-fa7716599204bcc7	200	0.705493	0.706920	3886	0	https://yangzhiping.com/_next/static/chunks/turbopack-fa7716599204bcc7.js	rc=0	https://yangzhiping.com/_next/static/chunks/turbopack-fa7716599204bcc7.js
19	07:19:23	chunk-05-ff1a16fafef87110	200	0.683802	0.684420	225	0	https://yangzhiping.com/_next/static/chunks/ff1a16fafef87110.js	rc=0	https://yangzhiping.com/_next/static/chunks/ff1a16fafef87110.js
20	07:19:24	chunk-06-247eb132b7f7b574	200	0.745664	0.819801	6898	0	https://yangzhiping.com/_next/static/chunks/247eb132b7f7b574.js	rc=0	https://yangzhiping.com/_next/static/chunks/247eb132b7f7b574.js
21	07:19:26	chunk-07-17df2d113f03491f	200	1.584538	1.630955	11594	0	https://yangzhiping.com/_next/static/chunks/17df2d113f03491f.js	rc=0	https://yangzhiping.com/_next/static/chunks/17df2d113f03491f.js
22	07:19:28	chunk-08-a6dad97d9634a72d	200	1.810756	2.039994	39401	0	https://yangzhiping.com/_next/static/chunks/a6dad97d9634a72d.js	rc=0	https://yangzhiping.com/_next/static/chunks/a6dad97d9634a72d.js
23	07:19:29	chunk-09-945fab894dcb74b9	200	0.656534	0.657125	2181	0	https://yangzhiping.com/_next/static/chunks/945fab894dcb74b9.js	rc=0	https://yangzhiping.com/_next/static/chunks/945fab894dcb74b9.js
24	07:19:29	chunk-10-3ef7ad905581e75a	200	0.732513	0.733622	5265	0	https://yangzhiping.com/_next/static/chunks/3ef7ad905581e75a.js	rc=0	https://yangzhiping.com/_next/static/chunks/3ef7ad905581e75a.js
25	07:19:34	t2-detail-20260822	200	0.704138	0.932066	37932	0	https://yangzhiping.com/essays/20260822/	rc=0	https://yangzhiping.com/essays/20260822/
